{
    "Porto Velho":[
        5.2,
        294157,
        16161
    ],
    "Rio Branco":[
        8.9,
        214896,
        20885
    ],
    "Manaus":[
        3.9,
        1239442,
        50439
    ],
    "Boa Vista":[
        5.7,
        186286,
        11167
    ],
    "Bel\u00c3\u00a9m":[
        3.3,
        1031832,
        35300
    ],
    "Macap\u00c3\u00a1":[
        6.0,
        256040,
        16431
    ],
    "Palmas":[
        3.7,
        159990,
        6223
    ],
    "S\u00c3\u00a3o Lu\u00c3\u00ads":[
        4.6,
        736682,
        35355
    ],
    "Teresina":[
        8.8,
        567080,
        54551
    ],
    "Fortaleza":[
        6.8,
        1762990,
        129045
    ],
    "Natal":[
        7.9,
        578086,
        49386
    ],
    "Jo\u00c3\u00a3o Pessoa":[
        7.7,
        515635,
        42853
    ],
    "Recife":[
        6.9,
        1126172,
        83435
    ],
    "Macei\u00c3\u00b3":[
        11.3,
        617311,
        78783
    ],
    "Aracaju":[
        6.6,
        412967,
        29197
    ],
    "Salvador":[
        3.9,
        2029897,
        81837
    ],
    "Belo Horizonte":[
        2.8,
        1864090,
        53787
    ],
    "Vit\u00c3\u00b3ria":[
        2.5,
        257309,
        6485
    ],
    "Rio de Janeiro":[
        2.7,
        4921072,
        138911
    ],
    "S\u00c3\u00a3o Paulo":[
        3.1,
        8601268,
        277325
    ],
    "Curitiba":[
        2.1,
        1366194,
        29227
    ],
    "Florian\u00c3\u00b3polis":[
        1.9,
        336464,
        6637
    ],
    "Porto Alegre":[
        2.2,
        1109604,
        24723
    ],
    "Campo Grande":[
        3.8,
        579504,
        22916
    ],
    "Cuiab\u00c3\u00a1":[
        4.5,
        402691,
        18803
    ],
    "Goi\u00c3\u00a2nia":[
        3.1,
        997045,
        31935
    ],
    "Bras\u00c3\u00adlia":[
        3.6,
        1879698,
        69900
    ]
}